{"cameraMode":{"drawMode":0,"name":"Shaded","section":"Shading Mode"},"sceneLighting":true,"audioPlay":false,"sceneViewState":{"m_AlwaysRefresh":false,"showFog":true,"showSkybox":true,"showFlares":true,"showImageEffects":true,"showParticleSystems":true,"showVisualEffectGraphs":true,"m_FxEnabled":true},"in2DMode":false,"pivot":{"x":-170.17677307128907,"y":3.4688377380371095,"z":14.682785987854004},"rotation":{"x":-0.03427565470337868,"y":0.8468765020370483,"z":-0.05530887842178345,"w":-0.5279062986373901},"size":10.273265838623047,"orthographic":false}