{"cameraMode":{"drawMode":0,"name":"Shaded","section":"Shading Mode"},"sceneLighting":true,"audioPlay":false,"sceneViewState":{"m_AlwaysRefresh":false,"showFog":true,"showSkybox":true,"showFlares":true,"showImageEffects":true,"showParticleSystems":true,"showVisualEffectGraphs":true,"m_FxEnabled":true},"in2DMode":false,"pivot":{"x":-171.5714569091797,"y":-30.453542709350587,"z":59.05451202392578},"rotation":{"x":0.35420307517051699,"y":0.07771278917789459,"z":-0.029241008684039117,"w":0.931598424911499},"size":36.321205139160159,"orthographic":false}