{"cameraMode":{"drawMode":0,"name":"Shaded","section":"Shading Mode"},"sceneLighting":true,"audioPlay":false,"sceneViewState":{"m_AlwaysRefresh":false,"showFog":true,"showSkybox":true,"showFlares":true,"showImageEffects":true,"showParticleSystems":true,"showVisualEffectGraphs":true,"m_FxEnabled":true},"in2DMode":false,"pivot":{"x":-141.91561889648438,"y":5.202054023742676,"z":13.143383026123047},"rotation":{"x":0.15244834125041963,"y":-0.8413030505180359,"z":0.30663788318634035,"w":0.41830018162727358},"size":37.247833251953128,"orthographic":false}