{"cameraMode":{"drawMode":0,"name":"Shaded","section":"Shading Mode"},"sceneLighting":true,"audioPlay":false,"sceneViewState":{"m_AlwaysRefresh":false,"showFog":true,"showSkybox":true,"showFlares":true,"showImageEffects":true,"showParticleSystems":true,"showVisualEffectGraphs":true,"m_FxEnabled":true},"in2DMode":false,"pivot":{"x":-128.62147521972657,"y":10.743391990661621,"z":16.667470932006837},"rotation":{"x":0.08119809627532959,"y":-0.6889954209327698,"z":0.07840994000434876,"w":0.7160239219665527},"size":1.0879998207092286,"orthographic":false}