{"cameraMode":{"drawMode":0,"name":"Shaded","section":"Shading Mode"},"sceneLighting":true,"audioPlay":false,"sceneViewState":{"m_AlwaysRefresh":false,"showFog":true,"showSkybox":true,"showFlares":true,"showImageEffects":true,"showParticleSystems":true,"showVisualEffectGraphs":true,"m_FxEnabled":true},"in2DMode":false,"pivot":{"x":-175.7612762451172,"y":0.17918407917022706,"z":21.08926773071289},"rotation":{"x":-0.11432088911533356,"y":0.6638641953468323,"z":-0.10307729244232178,"w":-0.7321497797966003},"size":2.2634127140045168,"orthographic":false}