{"cameraMode":{"drawMode":0,"name":"Shaded","section":"Shading Mode"},"sceneLighting":true,"audioPlay":false,"sceneViewState":{"m_AlwaysRefresh":false,"showFog":true,"showSkybox":true,"showFlares":true,"showImageEffects":true,"showParticleSystems":true,"showVisualEffectGraphs":true,"m_FxEnabled":true},"in2DMode":false,"pivot":{"x":-163.82830810546876,"y":4.3614115715026859,"z":43.824256896972659},"rotation":{"x":-0.2731633186340332,"y":0.15016081929206849,"z":-0.04321525990962982,"w":-0.9492054581642151},"size":36.782386779785159,"orthographic":false}