{"cameraMode":{"drawMode":0,"name":"Shaded","section":"Shading Mode"},"sceneLighting":true,"audioPlay":false,"sceneViewState":{"m_AlwaysRefresh":false,"showFog":true,"showSkybox":true,"showFlares":true,"showImageEffects":true,"showParticleSystems":true,"showVisualEffectGraphs":true,"m_FxEnabled":true},"in2DMode":false,"pivot":{"x":461.4998474121094,"y":384.3252868652344,"z":148.26434326171876},"rotation":{"x":0.21227633953094483,"y":0.011129984632134438,"z":-0.0024244918022304775,"w":0.9771798849105835},"size":338.3018493652344,"orthographic":false}