{"cameraMode":{"drawMode":0,"name":"Shaded","section":"Shading Mode"},"sceneLighting":true,"audioPlay":false,"sceneViewState":{"m_AlwaysRefresh":false,"showFog":true,"showSkybox":true,"showFlares":true,"showImageEffects":true,"showParticleSystems":true,"showVisualEffectGraphs":true,"m_FxEnabled":true},"in2DMode":false,"pivot":{"x":-180.50331115722657,"y":0.20698286592960359,"z":13.312141418457032},"rotation":{"x":0.029346510767936708,"y":-0.9241139888763428,"z":0.07251773774623871,"w":0.3740478754043579},"size":13.924093246459961,"orthographic":false}