{"cameraMode":{"drawMode":0,"name":"Shaded","section":"Shading Mode"},"sceneLighting":true,"audioPlay":false,"sceneViewState":{"m_AlwaysRefresh":false,"showFog":true,"showSkybox":true,"showFlares":true,"showImageEffects":true,"showParticleSystems":true,"showVisualEffectGraphs":true,"m_FxEnabled":true},"in2DMode":false,"pivot":{"x":-169.00254821777345,"y":0.18307332694530488,"z":12.563911437988282},"rotation":{"x":-0.34110909700393679,"y":0.43605658411979678,"z":-0.18307463824748994,"w":-0.8124223947525024},"size":7.882628917694092,"orthographic":false}