{"cameraMode":{"drawMode":0,"name":"Shaded","section":"Shading Mode"},"sceneLighting":true,"audioPlay":false,"sceneViewState":{"m_AlwaysRefresh":false,"showFog":true,"showSkybox":true,"showFlares":true,"showImageEffects":true,"showParticleSystems":true,"showVisualEffectGraphs":true,"m_FxEnabled":true},"in2DMode":false,"pivot":{"x":-147.57899475097657,"y":1.3104826211929322,"z":19.174840927124025},"rotation":{"x":0.001768916961736977,"y":-0.9979227185249329,"z":0.03144502639770508,"w":0.05634032562375069},"size":3.222919225692749,"orthographic":false}