{"cameraMode":{"drawMode":0,"name":"Shaded","section":"Shading Mode"},"sceneLighting":true,"audioPlay":false,"sceneViewState":{"m_AlwaysRefresh":false,"showFog":true,"showSkybox":true,"showFlares":true,"showImageEffects":true,"showParticleSystems":true,"showVisualEffectGraphs":true,"m_FxEnabled":true},"in2DMode":false,"pivot":{"x":-72.77897644042969,"y":7.977856636047363,"z":21.101634979248048},"rotation":{"x":-0.037230659276247028,"y":-0.7078151106834412,"z":0.7044249176979065,"w":-0.037410274147987369},"size":192.7994384765625,"orthographic":false}