{"cameraMode":{"drawMode":0,"name":"Shaded","section":"Shading Mode"},"sceneLighting":true,"audioPlay":false,"sceneViewState":{"m_AlwaysRefresh":false,"showFog":true,"showSkybox":true,"showFlares":true,"showImageEffects":true,"showParticleSystems":true,"showVisualEffectGraphs":true,"m_FxEnabled":true},"in2DMode":false,"pivot":{"x":15.969856262207032,"y":2.155196189880371,"z":54.68959426879883},"rotation":{"x":0.23037689924240113,"y":0.6531354784965515,"z":-0.21891696751117707,"w":0.6873290538787842},"size":17.179990768432618,"orthographic":false}