{"cameraMode":{"drawMode":0,"name":"Shaded","section":"Shading Mode"},"sceneLighting":true,"audioPlay":false,"sceneViewState":{"m_AlwaysRefresh":false,"showFog":true,"showSkybox":true,"showFlares":true,"showImageEffects":true,"showParticleSystems":true,"showVisualEffectGraphs":true,"m_FxEnabled":true},"in2DMode":false,"pivot":{"x":-127.01336669921875,"y":17.620342254638673,"z":12.542886734008789},"rotation":{"x":-0.32322046160697939,"y":0.6290650367736816,"z":-0.3234294652938843,"w":-0.6286554932594299},"size":24.764984130859376,"orthographic":false}