{"cameraMode":{"drawMode":0,"name":"Shaded","section":"Shading Mode"},"sceneLighting":false,"audioPlay":false,"sceneViewState":{"m_AlwaysRefresh":false,"showFog":true,"showSkybox":false,"showFlares":true,"showImageEffects":true,"showParticleSystems":true,"showVisualEffectGraphs":true,"m_FxEnabled":true},"in2DMode":false,"pivot":{"x":-145.4734649658203,"y":-0.12065652012825012,"z":27.770999908447267},"rotation":{"x":-0.23723366856575013,"y":0.6583673357963562,"z":-0.23103690147399903,"w":-0.6759746670722961},"size":1.0529896020889283,"orthographic":false}